{"cameraMode":{"drawMode":0,"name":"Shaded","section":"Shading Mode"},"sceneLighting":true,"audioPlay":false,"sceneViewState":{"m_AlwaysRefresh":false,"showFog":true,"showSkybox":false,"showFlares":true,"showImageEffects":true,"showParticleSystems":true,"showVisualEffectGraphs":true,"m_FxEnabled":true},"in2DMode":false,"pivot":{"x":0.1502433717250824,"y":0.04284834861755371,"z":-0.09149289131164551},"rotation":{"x":0.01206778921186924,"y":0.980363130569458,"z":-0.06362996995449066,"w":0.18631047010421754},"size":0.2010658085346222,"orthographic":false}